diagnosis,attribute,avg,stdev,min,max,quantile1,quantile3,iqr
B,concavity,0.04605762100840336,0.043442151045061585,0,0.4108,0.02031,0.05999,0.03968
M,concavity,0.16077471698113208,0.07501932785025706,0.02398,0.4268,0.109525,0.20305,0.09352500000000001
B,concave.points,0.025717406162464988,0.015908778378274778,0,0.08534,0.01502,0.03251,0.01749
M,concave.points,0.08799,0.034373908875401524,0.02031,0.2012,0.06462,0.103175,0.038555000000000006
B,area,462.7901960784314,134.2871181470596,143.5,992.1,378.2,551.1,172.90000000000003
M,area,978.3764150943397,367.93797760667024,361.6,2501,705.3000000000001,1203.75,498.44999999999993
